<?xml version = "1.0"?>  
<?xml-stylesheet type = "text/xsl" href = "employee.xsl"?>   
<class>   
   <employee id = "3040">  
      <firstname>Aditya</firstname>   
      <lastname>Ghule</lastname>     
      <salary>30000</salary>  
   </employee>   
   <employee id = "3041">   
      <firstname>Suyesh</firstname>   
      <lastname>Patil</lastname>   
      <salary>25000</salary>  
   </employee>   
   <employee id = "3042">   
      <firstname>Shirraj</firstname>   
      <lastname>Patil</lastname>    
      <salary>10000</salary>   
   </employee>   
</class>  