<?xml version="1.0"?>
<?xml-stylesheet type = "text/xsl" href = "Bank.xsl"?>   
<bank_info>
<bank>
    <No>1</No>
    <Name>Maharashtra Bank</Name>
    <Address>401, Harbhat road, sangli</Address>
    <turnaround>40,0000</turnaround>
    <Distance>2KM</Distance>
</bank>
<bank>
    <No>2</No>
    <Name>Janata bank</Name>
    <Address>702, vishrambagh, sangli</Address>
    <turnaround>80,00000</turnaround>
    <Distance>10KM</Distance>
</bank>
<bank>
    <No>3</No>
    <Name>Bank of India</Name>
    <Address>707, Vishrambagh , sangli</Address>
    <turnaround>90,00000</turnaround>
    <Distance>10KM</Distance>
</bank>
<bank>
    <No>4</No>
    <Name>ICICI</Name>
    <Address>402, station road, sangli</Address>
    <turnaround>50,00000</turnaround>
    <Distance>7KM</Distance>
</bank>
<bank>
    <No>5</No>
    <Name>Bank of Baroda</Name>
    <Address>405, near Ram mandir,sangli</Address>
    <turnaround>4,00000</turnaround>
    <Distance>9KM</Distance>
</bank>
</bank_info>
